short,01-10-2021,04-10-2021,05-10-2021,06-10-2021,07-10-2021,08-10-2021,11-10-2021,12-10-2021,13-10-2021,14-10-2021,18-10-2021,19-10-2021
AARTIIND,0.5034722222,0.4027978775,0.5007078811,0.5156462585,0.5519357885,0.5861255309,0.6061595894,0.6367168528,0.6196705426,0.561953017,0.5050423558,0.5168220511
ABFRL,0.3742889647,0.4236373448,0.4831719686,0.5510917031,0.6448461163,0.6758587325,0.6406406406,0.6759072581,0.6355727405,0.5896964121,0.5095412099,0.4762430939
ACC,0.6138132296,0.5692055692,0.5532696547,0.5282674772,0.5531914894,0.5188679245,0.4904357067,0.5022354694,0.4990338164,0.4703493095,0.369528002,0.4043530351
ADANIENT,0.7117585848,0.6281289393,0.6102579853,0.6088505275,0.6686502177,0.6418566328,0.6012441285,0.5782261134,0.5578264594,0.5572234899,0.5543675826,0.558912726
ADANIPORTS,0.6472660438,0.6421608448,0.6397730076,0.6382025055,0.621440726,0.6157085942,0.6010775862,0.5910914081,0.5662988967,0.5644743159,0.626552939,0.6010001961
ALKEM,0.2122302158,0.1861198738,0.2239263804,0.223796034,0.2118226601,0.204954955,0.1835564054,0.2083333333,0.1990131579,0.2104404568,0.2342657343,0.2457983193
AMARAJABAT,0.4683717298,0.5051950264,0.5082872928,0.526324476,0.516578568,0.514354067,0.452912834,0.4413132695,0.4471359743,0.4469971786,0.4497169698,0.4854595937
AMBUJACEM,0.4258196721,0.451270383,0.4715707178,0.4823644677,0.5235219326,0.5393700787,0.548211731,0.5028633761,0.5016330974,0.5354462052,0.5417008477,0.5197870863
APLLTD,0.3423312883,0.3325842697,0.3496280553,0.3223140496,0.3299445471,0.325,0.2265625,0.2296157451,0.2486591906,0.2472289157,0.2465492623,0.2543039843
APOLLOHOSP,0.488162345,0.4938917976,0.4521402452,0.4210526316,0.4258306962,0.4144650553,0.3840337612,0.3879744709,0.3857213684,0.3609318432,0.3250037634,0.3383347073
APOLLOTYRE,0.4337628015,0.4596937301,0.459141842,0.4611816406,0.4908818386,0.4834466126,0.5342194009,0.5180029696,0.5187511898,0.5378331064,0.4898477157,0.4600033261
ASHOKLEY,0.5008130081,0.5214258139,0.5263610667,0.4934436801,0.5668346532,0.5491916859,0.5493428637,0.5847477887,0.6247559547,0.5976360502,0.5294692283,0.4682263997
ASIANPAINT,0.4208837324,0.4378003203,0.4728894294,0.4843901493,0.5324512376,0.5362090325,0.5237589907,0.5558826993,0.5470746864,0.5667597116,0.5075002419,0.5025247971
ASTRAL,0.328320802,0.23977433,0.2993920973,0.4139715395,0.4345238095,0.4459308807,0.4222936763,0.4193888303,0.4479418886,0.4306569343,0.4073604061,0.4004550626
AUBANK,0.5045317221,0.5555047967,0.5887640449,0.5330202524,0.5567282322,0.5621538462,0.5583615645,0.5588325653,0.5679012346,0.584290593,0.4541296061,0.4541484716
AUROPHARMA,0.5932290772,0.496062038,0.5303030303,0.522860611,0.5467142129,0.5483647175,0.5572580645,0.5339901478,0.5443210598,0.515772723,0.5179657795,0.5063601244
AXISBANK,0.5253368101,0.5229479625,0.5317631979,0.5042338561,0.4750647453,0.4843117745,0.4908424908,0.5154164125,0.5129653577,0.5253272624,0.5697773641,0.5525714286
BAJAJ-AUTO,0.4794776119,0.4801906464,0.5058182354,0.5200484392,0.5222423651,0.5273220339,0.5092402464,0.5443053662,0.5494104777,0.550715541,0.5464140082,0.5699128458
BAJAJFINSV,0.488801054,0.4992405063,0.5296840089,0.5182962529,0.4898937549,0.5537463427,0.6482135292,0.8314917127,0.8112536714,0.873921465,0.8638112766,0.9632733108
BAJFINANCE,0.5959382616,0.6680150451,0.6567659045,0.6185382142,0.6442878338,0.7218322427,0.774585117,0.7694922937,0.8542437779,0.7906384424,0.7412266835,0.7675366615
BALKRISIND,1.552154195,1.458551941,1.311276794,1.252678571,1.023504274,0.9452221546,0.9603469641,0.9434993925,0.8627342889,0.8547763666,0.8017736046,0.803373748
BANDHANBNK,0.5080887886,0.4859867653,0.4953497024,0.5404599659,0.767174619,0.9478425794,0.7443928066,0.7143678161,0.70703667,0.6529627485,0.6065757519,0.5418100482
BANKBARODA,0.5227272727,0.524074811,0.5075771082,0.5060240964,0.5145952453,0.467966228,0.4231260438,0.4556947608,0.4809245682,0.4984511785,0.5914169179,0.5484574634
BATAINDIA,0.2520754717,0.3257309942,0.3592411261,0.3786531131,0.3285340314,0.3467230444,0.4122287968,0.4171907757,0.4482129832,0.5901994796,0.591449978,0.5776805252
BEL,0.4915730337,0.4721324717,0.5190869736,0.562079282,0.6188620421,0.5950443787,0.6685159501,0.6735159817,0.5446330778,0.5536675163,0.6409791478,0.5738603578
BERGEPAINT,0.441350211,0.3900975244,0.3850533808,0.4031165312,0.3363128492,0.3508254717,0.3469960696,0.3225480283,0.3288069835,0.2798216276,0.27176781,0.262105592
BHARATFORG,0.4602649007,0.4469314079,0.5221518987,0.4841498559,0.5171727227,0.5222711698,0.5473321859,0.5844210526,0.5207142857,0.5248177716,0.5344060253,0.5232436211
BHARTIARTL,0.4337806002,0.4126238469,0.417724371,0.3306775369,0.3315237061,0.2992391241,0.2882215289,0.2867922537,0.2933238247,0.2958923061,0.2866257549,0.280625
BHEL,0.538942581,0.5458304618,0.5650042265,0.5575595985,0.5535111929,0.5646028576,0.502205975,0.606043956,0.4968762462,0.5328278999,0.541599223,0.5499823384
BIOCON,0.4230769231,0.4551007941,0.4601078167,0.5079278294,0.5131219245,0.5242693111,0.5224115334,0.5234629862,0.5230346092,0.5098255686,0.50320787,0.4828577294
BOSCHLTD,0.4979757085,0.4607142857,0.4079147641,0.3774752475,0.4327784891,0.4781401804,0.5405405405,0.6084021005,0.574009729,0.5292993631,0.5262828536,0.5033929673
BPCL,0.4360098657,0.427672956,0.4159080019,0.4260049405,0.4521708846,0.4333032898,0.4439650146,0.422767808,0.4691864332,0.4910961177,0.4759400179,0.4822306022
BRITANNIA,0.3451977401,0.3606247042,0.3458616553,0.3542815141,0.3419968304,0.2986809747,0.2892185955,0.3001491424,0.2971987721,0.288450809,0.2788656313,0.2781702579
CADILAHC,0.6003051106,0.6167416119,0.6089045484,0.5877950489,0.5744081172,0.557486631,0.5460992908,0.4953911605,0.4819277108,0.4543646409,0.4165141346,0.4149326805
CANBK,0.5212765957,0.5820833333,0.6226374104,0.6003605769,0.6164996802,0.6321055025,0.6295681063,0.6880785414,0.673234391,0.6542158748,0.6184928111,0.6546391753
CANFINHOME,0.3507418398,0.3496884735,0.400477707,0.4115315315,0.400550585,0.4022595002,0.4002677376,0.3976339139,0.3902912621,0.3721582062,0.3170294494,0.3280041258
CHOLAFIN,0.3747276688,0.4016853933,0.5184549356,0.4566236811,0.5278436019,0.5002748763,0.5017123288,0.509202454,0.526107072,0.4644396552,0.456401766,0.4068649886
CIPLA,0.3737216155,0.4238572476,0.4838742916,0.5096467518,0.5055955849,0.5211990479,0.5158655584,0.5152304464,0.5196042773,0.5141209079,0.5129137868,0.5151281854
COALINDIA,0.6056086679,0.6211092909,0.6720756479,0.6287400773,0.6092107778,0.5810728304,0.6064720924,0.5772632256,0.5625786164,0.5243617897,0.5142568931,0.5156206991
COFORGE,0.1674584323,0.2290562036,0.2813425469,0.2721575649,0.3504761905,0.411525974,0.3223404255,0.3109726881,0.3229844767,0.4248407643,0.4217252396,0.5113507378
COLPAL,0.3935007386,0.3864661654,0.390489576,0.393858478,0.3946517145,0.3866965012,0.4113397548,0.424296561,0.3840488593,0.3706707214,0.3937587658,0.3986111111
CONCOR,0.6729986431,0.7456049638,0.7322695035,0.697092084,0.6912306559,0.6280487805,0.5924932976,0.6155885472,0.5819095477,0.5425138632,0.5201084501,0.5163457232
COROMANDEL,0.532173913,0.5583756345,0.5,0.2331969608,0.3234011628,0.3578680203,0.4195624196,0.3973214286,0.389261745,0.382131324,0.3853018373,0.3820754717
CUB,0.3273469388,0.3423160961,0.3575971731,0.3871582962,0.3657274296,0.2713607595,0.334995015,0.3340030136,0.3443204868,0.3577533578,0.3650401482,0.3749187784
CUMMINSIND,0.7179487179,0.6878547106,0.663476874,0.6295585413,0.6389980354,0.7834036568,0.6729357798,0.6442264824,0.6791510612,0.6635789474,0.588638963,0.4712860609
DABUR,0.5152423788,0.4679326406,0.4161834475,0.4147909968,0.3999050107,0.403987863,0.3931587838,0.4091949241,0.3993578166,0.3860584881,0.3825067628,0.3670504872
DEEPAKNTR,0.5668380463,0.4767343486,0.4596092925,0.5936816525,0.5940377028,0.6002548853,0.5342390307,0.5243924392,0.5391911238,0.5355926125,0.5053164557,0.529222973
DIVISLAB,0.5725699068,0.5013118063,0.5960355434,0.5957926371,0.592345679,0.5834127741,0.546679272,0.5080258495,0.4860648918,0.552171966,0.503487895,0.4928497409
DIXON,0.2957639939,0.3168367347,0.3393574297,0.3278481013,0.3450465707,0.3334549435,0.3157586409,0.359313873,0.359916368,0.3804862646,0.4040066778,0.3925233645
DLF,0.5968539326,0.6622761885,0.6597819851,0.6540311718,0.6777053927,0.6416291103,0.6336518969,0.6271351201,0.6117952041,0.6241247192,0.654439881,0.6076464208
DRREDDY,0.5524340966,0.5731321709,0.5628294508,0.5795321637,0.5701885663,0.5648849558,0.5583735355,0.5480782108,0.5443786982,0.5912142857,0.5319830791,0.4686420331
EICHERMOT,0.5111111111,0.4529134785,0.4203675345,0.4144040497,0.4055702918,0.3981651376,0.4122174122,0.4210661859,0.3501160093,0.359229335,0.3555032372,0.3210433103
ESCORTS,0.650745128,0.6901363781,0.6884779516,0.6619638826,0.6318941852,0.5922840859,0.5812406096,0.5906967296,0.6197125257,0.6455417833,0.5867436166,0.667380137
EXIDEIND,0.4891524443,0.4563846558,0.4314868805,0.4323746137,0.4403310105,0.4319868096,0.4276863162,0.4397470641,0.4553913519,0.4562558796,0.440637155,0.4377549039
FEDERALBNK,0.4536796537,0.4728315055,0.4883886256,0.5189456343,0.5257009346,0.4887827171,0.5022577997,0.5151896082,0.5388805409,0.5585253456,0.6062976334,0.6004153686
GAIL,0.4724902216,0.5176441957,0.4812880766,0.4763087109,0.4929227238,0.4854332198,0.4879608728,0.490265818,0.4888052681,0.4966417194,0.4901613538,0.4828441505
GLENMARK,0.4550239234,0.4331641286,0.4358460305,0.4499814057,0.4411549708,0.4467444486,0.4697204969,0.464090412,0.4709480122,0.4376801153,0.435106383,0.4593785099
GMRINFRA,0.5453315291,0.5520032376,0.5685681904,0.5849192101,0.5782758621,0.5832167832,0.63224841,0.6156754899,0.6018743492,0.5671009772,0.566539924,0.5336552973
GODREJCP,0.5544258373,0.497730711,0.4619799139,0.4155617585,0.4293439077,0.4352276738,0.4377186844,0.4235335196,0.4193888303,0.3886756238,0.3673588769,0.3740168948
GODREJPROP,0.4547657512,0.4230769231,0.4570751924,0.4557657108,0.5568421053,0.5038232795,0.4949290061,0.5205020921,0.5783076204,0.5137470542,0.5089605735,0.498066512
GRANULES,0.381682243,0.3376970345,0.3316908714,0.3298324581,0.3140390962,0.3100912779,0.3154345006,0.2878857669,0.2823798627,0.288209607,0.2845732542,0.2895405218
GRASIM,0.4892156863,0.8590189262,0.839447875,0.7829032258,0.6908039648,0.6144026975,0.6346566524,0.6205673759,0.5853443202,0.7665308681,0.553170967,0.53340005
GUJGASLTD,0.5305096913,0.54796859,0.4901005178,0.5470625395,0.5163291966,0.5188442211,0.4888082275,0.464057971,0.4573389021,0.4549343982,0.4104929374,0.421802246
HAL,0.3785790032,0.3734567901,0.426035503,0.4803711635,0.4446640316,0.4423696072,0.4167157151,0.3987414188,0.3695876289,0.2640601504,0.3201936376,0.3334545455
HAVELLS,0.8014869888,0.9200702679,1.015957447,0.799270073,0.9343003413,0.7482387838,0.8455188679,0.6390532544,0.6329639889,0.9761730205,0.5074424899,0.4777610253
HCLTECH,0.5195516812,0.5096111357,0.5116234756,0.5270459988,0.5471309718,0.5410947577,0.530028092,0.5168151448,0.5134879055,0.4495582732,0.3817457206,0.3956891438
HDFC,0.5295593277,0.4889089771,0.492952101,0.506993966,0.4868059701,0.4534077365,0.4593410445,0.4541242421,0.4506104329,0.4863480122,0.4187654321,0.4193393311
HDFCAMC,0.6128306134,0.6040577545,0.5780847577,0.5662870649,0.5588298328,0.5484839077,0.5478150728,0.5464059197,0.5471419532,0.5392965244,0.5323808531,0.5464300454
HDFCBANK,0.5132646881,0.4969573297,0.49582718,0.4909533383,0.4669045967,0.4395038401,0.4458238219,0.4344625754,0.4497527831,0.4380282489,0.3777412281,0.3978736317
HDFCLIFE,0.6511909568,0.629465112,0.6269447769,0.5903204921,0.5814197809,0.5554159687,0.5333421365,0.502625744,0.4928595151,0.4912226031,0.4812647475,0.4740204023
HEROMOTOCO,0.6183319794,0.5691661668,0.590024603,0.6065879428,0.5521167883,0.529389881,0.5074858499,0.5108632396,0.5077912939,0.4779949875,0.4374270057,0.4393224104
HINDALCO,0.5683192261,0.5419680404,0.5110942249,0.4536919564,0.4127559977,0.3438561975,0.3689427313,0.3722657442,0.4089072915,0.4595658758,0.5819429152,0.6004347826
HINDPETRO,0.3816534541,0.4348543156,0.4422632794,0.5309973046,0.6701923077,0.5919456574,0.5578635015,0.6393362616,0.5505097312,0.6620209059,0.6499508358,0.6270691334
HINDUNILVR,0.4469511409,0.4562222741,0.4510355696,0.4473013175,0.4317475728,0.4646843468,0.4535565565,0.4402841621,0.4196175108,0.4214049338,0.4238826816,0.3298564952
IBULHSGFIN,0.4259174312,0.4343690552,0.4630334602,0.3822405175,0.4007261924,0.4102079395,0.4172303311,0.4305091044,0.4407436096,0.443043043,0.4478632479,0.4993594671
ICICIBANK,0.5552629889,0.5703356367,0.5640747919,0.5613138686,0.5802006967,0.5757635082,0.58946354,0.5038015206,0.5097334668,0.5811763468,0.6713393804,0.6759508835
ICICIGI,0.553593947,0.5985997666,0.7086092715,0.6632373114,0.6299052774,0.6246786632,0.6364238411,0.6333113891,0.6450356911,0.5847058824,0.555745165,0.582704585
ICICIPRULI,0.5682326622,0.5487077535,0.5270018622,0.3878020713,0.4082352941,0.5397129187,0.5264054514,0.5269360269,0.5128844555,0.4965197216,0.4508833922,0.4520958084
IDEA,0.5398284314,0.5336182336,0.4848337782,0.4674311927,0.4434224599,0.439279732,0.4326086957,0.4104181687,0.3715428191,0.3852790984,0.392566568,0.3949758454
IDFCFIRSTB,0.4809650634,0.4702312139,0.4649263722,0.4519005162,0.45596937,0.4638659374,0.4605351923,0.4496904837,0.4571542846,0.4477263894,0.4175248081,0.3913043478
IEX,0.5109660137,0.5192582026,0.5518268778,0.5582948942,0.55124737,0.5337372297,0.6752325012,0.5993672138,0.6141233276,0.6047873952,0.5861704174,0.6705612829
IGL,0.5167710197,0.5438854978,0.5337237861,0.5506775068,0.5322293447,0.5176309483,0.5165952041,0.5145731617,0.5427127744,0.5218145045,0.5077699562,0.4792856275
INDHOTEL,0.4209302326,0.3517451711,0.3937384899,0.3777407716,0.4391847469,0.4450788472,0.4860215054,0.5478075518,0.7506870828,0.7219436946,0.6414756447,0.5432646593
INDIAMART,0.499222395,0.4673629243,0.4988179669,0.5351170569,0.5020242915,0.3531885074,0.3396946565,0.323943662,0.2244691608,0.2142629736,0.2121495327,0.2132687065
INDIGO,0.3626023658,0.3525613431,0.3569078947,0.3560188828,0.3666897507,0.3755114888,0.3775510204,0.3757575758,0.327170418,0.3589686099,0.3609940093,0.356427201
INDUSINDBK,0.3222622108,0.3528490307,0.4037713841,0.3652488528,0.3987196637,0.4046242775,0.4539329934,0.4652965253,0.4612679152,0.4724149896,0.4572691552,0.4944269548
INDUSTOWER,0.4238765929,0.6197737334,0.5139013453,0.5490009515,0.5214678899,0.526335175,0.6198165138,0.5958013995,0.6060707138,0.5810162991,0.5693765281,0.5458579882
INFY,0.6154115587,0.5941922102,0.5757600793,0.5757976213,0.5544683128,0.5482399719,0.5117588492,0.4847086141,0.4962840837,0.4143430844,0.5001232033,0.5990313025
IOC,0.5920669578,0.6189522856,0.6070336391,0.5502343591,0.6244439241,0.6176145165,0.6073488571,0.6137787056,0.5969024697,0.66822326,0.6223055295,0.6255924171
IPCALAB,0.3944954128,0.4830508475,0.5034965035,0.5975609756,0.4291187739,0.4666666667,0.4453441296,0.4508196721,0.4462151394,0.3495440729,0.2983870968,0.3284457478
IRCTC,0.416359297,0.4831240828,0.5539750066,0.5958017493,0.6121545875,0.5932395163,0.6099829352,0.6099082242,0.6450139054,0.7158602804,0.9292805491,0.6090323465
ITC,0.5576989453,0.5250484644,0.5272303245,0.4909470957,0.4534194339,0.4335370615,0.4351994566,0.4193906843,0.4596959123,0.4692010935,0.5233798416,0.4658556014
JINDALSTEL,0.8282025819,0.767768595,0.7663978495,0.7737861353,0.7828651685,0.7384694666,0.7387525562,0.7643965291,0.7358265841,0.802948748,0.7842401501,0.7235124972
JSWSTEEL,0.6354090354,0.5942295887,0.5654720882,0.5635811836,0.5726677827,0.5473041709,0.5550458716,0.5390716804,0.5244047619,0.4753854477,0.4198511166,0.4203342894
JUBLFOOD,0.4682454252,0.4994629431,0.4366250473,0.4051822323,0.3918951711,0.4313828391,0.4679527069,0.454379562,0.7306301653,0.6750187923,0.544688027,0.4755877034
KOTAKBANK,0.4748574391,0.4655487563,0.4595596412,0.467065055,0.4525139665,0.4291664321,0.4336932048,0.4404938836,0.473953941,0.4793428198,0.4760561442,0.5206382501
L&TFH,0.4498638277,0.4290436836,0.4400185271,0.4665741383,0.4687141875,0.4606273306,0.4653276956,0.4598963731,0.4464879671,0.4459381602,0.441007594,0.426691042
LALPATHLAB,0.6576402321,0.5911251981,0.5549374131,0.6570680628,0.5843520782,0.5815028902,0.5710872162,0.5377574371,0.4896851249,0.467124632,0.4528469751,0.4303460515
LICHSGFIN,0.5784989858,0.5311653117,0.5427343626,0.5552329801,0.5460992908,0.5392894,0.5238025272,0.5139797739,0.5008328706,0.4969486824,0.4827933765,0.4840703104
LT,0.5011661408,0.4957813877,0.49734572,0.4813060566,0.4577256602,0.4581612066,0.4362492853,0.44177204,0.4473980838,0.4401361153,0.4517674713,0.459663798
LTI,0.4292779426,0.4341013825,0.4038737446,0.4122928177,0.3360739979,0.3093333333,0.3344481605,0.3327961322,0.3360033727,0.3288839451,0.3243674493,0.7805009426
LTTS,0.2623318386,0.253371869,0.248381877,0.2414837245,0.1753653445,0.1893071468,0.2059123344,0.1888842457,0.1801980198,0.2077331312,0.2104159385,0.2654353562
LUPIN,0.5945068326,0.5596603947,0.5539826986,0.5449896638,0.533181027,0.5485714286,0.5543024227,0.5656949292,0.5632624951,0.5243338268,0.5169857357,0.5139751553
M&M,0.3830850375,0.4610688658,0.494498451,0.421718793,0.4133291368,0.3642199274,0.3371816862,0.2884050458,0.3871160292,0.3682644325,0.3544961985,0.3581521739
M&MFIN,0.4727198697,0.4590509666,0.4375917768,0.4600760456,0.4667868951,0.4576679723,0.4534778681,0.450962963,0.4123500893,0.4237074401,0.453166578,0.4908271645
MANAPPURAM,0.5535363458,0.5471787577,0.5892307692,0.6165831942,0.6404428904,0.628975265,0.6222222222,0.6176829268,0.5930018416,0.5845588235,0.5800248139,0.4832325454
MARICO,0.59375,0.5729665072,0.5412946429,0.4256513026,0.4411764706,0.4453752182,0.4553536915,0.4825227964,0.4719592134,0.4355616816,0.4050754899,0.3932659933
MARUTI,0.4990782844,0.4622513685,0.4203410882,0.4241001565,0.4469054427,0.409119421,0.4963753863,0.493976543,0.3823728527,0.3825569464,0.4361827762,0.432924288
MCDOWELL-N,0.3666732949,0.3904242896,0.4571188928,0.4529109589,0.5889679715,0.6257521059,0.5983698707,0.5310429448,0.5139333029,0.4734542277,0.4634353741,0.445721866
MCX,0.407079646,0.4199623352,0.4221482098,0.3350062735,0.2988099067,0.4201443364,0.5038274182,0.5046082949,0.4971098266,0.5115396775,0.4690343411,0.462421113
METROPOLIS,0.6541935484,0.5535197686,0.4790619765,0.5300353357,0.5335073977,0.5031695721,0.5225375626,0.5348075348,0.5501672241,0.5294579733,0.4525252525,0.4585185185
MFSL,0.592760181,0.4969135802,0.4751381215,0.4365079365,0.4485488127,0.4875846501,0.4442190669,0.4514388489,0.4787052811,0.4704,0.4683357879,0.4572230014
MGL,0.5485436893,0.5534865293,0.5591572123,0.6107445806,0.6010739103,0.6192573946,0.600620155,0.6531826294,0.6749169937,0.6498054475,0.6608623549,0.6402877698
MINDTREE,0.2213132876,0.2660427807,0.2946157186,0.2902277737,0.3121783877,0.4101349751,0.3737108569,0.3632013201,0.4027846842,0.4758231979,0.467201375,0.490266061
MOTHERSUMI,0.5809976247,0.6250980392,0.6346824843,0.605837075,0.6063122924,0.5991295938,0.6425968109,0.6536718042,0.732629108,0.647714848,0.5641278611,0.5239252336
MPHASIS,0.3105310531,0.2851267992,0.3007175473,0.3498743719,0.364874064,0.3538260301,0.3205128205,0.3203624733,0.3234042553,0.2952060555,0.2977099237,0.3440605774
MRF,0.4798301486,0.4235294118,0.3877005348,0.4495305164,0.4400494438,0.3936619718,0.3547237077,0.3588544711,0.3533069531,0.3397683398,0.2691960253,0.2461072664
MUTHOOTFIN,0.700928382,0.6481069042,0.6704180064,0.6242937853,0.5198542805,0.5333804309,0.5442300692,0.5384083045,0.5148221344,0.5255153768,0.5322802198,0.5246252677
NAM-INDIA,0.3070325901,0.2720403023,0.3073989321,0.3526058632,0.3587848933,0.3491078355,0.3523592085,0.3663060278,0.3715805471,0.3508005822,0.2905682484,0.3148469093
NATIONALUM,0.5043923865,0.5603367633,0.5182712579,0.5115244642,0.5107973422,0.5088161209,0.513906718,0.5172105498,0.5518277416,0.5989847716,0.6503667482,0.691141639
NAUKRI,0.5012547051,0.5199102636,0.5554420031,0.5608017817,0.5585470085,0.4781350482,0.4518377693,0.4436067551,0.4637009577,0.4672782875,0.4447967714,0.4647614434
NAVINFLUOR,0.7231759657,0.5047106326,0.3401315789,0.3438363737,0.372212693,0.3222045575,0.3031476998,0.3089588378,0.3101629914,0.3184410646,0.2867587327,0.2897880539
NESTLEIND,0.75,0.7174657534,0.7406807131,0.7530695771,0.7640586797,0.6834733894,0.6618049225,0.6359570662,0.6702997275,0.6577540107,0.5336891261,0.4731457801
NMDC,0.5517713503,0.5140856031,0.5261640479,0.5472263868,0.5556483027,0.5350734095,0.5035470858,0.4897129794,0.4950507777,0.4859910971,0.4842592593,0.4447583643
NTPC,0.3241179166,0.2849657012,0.2404097809,0.2194104008,0.1810102632,0.1634684824,0.1542485444,0.1459878483,0.1667018091,0.2033751444,0.2134476899,0.2343971495
OFSS,0.5950155763,0.5183246073,0.4342105263,0.3965183752,0.3550600343,0.4514991182,0.445482866,0.450867052,0.4350282486,0.4056372549,0.3954326923,0.2862453532
ONGC,0.4013386217,0.3943990665,0.4291105799,0.3828935396,0.3396494974,0.3118081181,0.3545492662,0.3369175627,0.310257042,0.2966487718,0.3039568345,0.2891496571
PAGEIND,0.5949367089,0.5204081633,0.3987341772,0.3939393939,0.4376417234,0.4964370546,0.5625,0.5526992288,0.5866666667,0.6032171582,0.6214099217,0.7103960396
PEL,0.6184448463,0.573362209,0.6362286563,0.6269315673,0.5830689598,0.5635220126,0.5687395427,0.5955725841,0.6068832517,0.6220223222,0.5986528668,0.5791589881
PETRONET,0.4817018744,0.4674853475,0.4695259594,0.4859882006,0.4827828531,0.4914010548,0.4690185436,0.431622088,0.4386269824,0.4262295082,0.4155251142,0.424229543
PFC,0.5366769021,0.5546274641,0.546875,0.5618343195,0.5608028335,0.5536675163,0.55,0.5610480821,0.5741985522,0.6629955947,0.6388888889,0.5963140621
PFIZER,0.6222222222,0.3079710145,0.2686567164,0.2722063037,0.2790697674,0.2845303867,0.2797927461,0.2786458333,0.2845744681,0.2752525253,0.2583732057,0.2885085575
PIDILITIND,0.5892648775,0.4911734164,0.5073995772,0.4779411765,0.4813499112,0.4590984975,0.4194528875,0.3797139142,0.3965986395,0.4490934449,0.4194805195,0.4506556246
PIIND,0.5508474576,0.3952879581,0.3196078431,0.3115044248,0.1757631822,0.2463576159,0.2634408602,0.2443653618,0.223655914,0.2203389831,0.1894736842,0.2046843177
PNB,0.5038538041,0.4925288657,0.5073950124,0.5097959184,0.5240043057,0.5363408521,0.531358885,0.534226553,0.5379946896,0.5345017941,0.47576717,0.4321326472
POLYCAB,0.4757709251,0.3495007133,0.3740554156,0.3990825688,0.4051054384,0.2966841187,0.3578819233,0.3194666667,0.3157344485,0.3307962529,0.3135509397,0.3493346008
POWERGRID,0.4147590361,0.4366932161,0.4191512514,0.4116298458,0.4001215559,0.3813411079,0.4210113681,0.4098148148,0.4692695685,0.5246515498,0.5088770053,0.4797883598
PVR,0.409823772,0.4741250374,0.4966764158,0.506614786,0.5374243258,0.5510649918,0.5739327113,0.5448768864,0.529109589,0.5203373016,0.4833333333,0.4634367218
RAMCOCEM,0.328990228,0.3116147309,0.2835051546,0.3253333333,0.3888888889,0.4916201117,0.5123966942,0.5544041451,0.5555555556,0.64375,0.4125,0.394265233
RBLBANK,0.5447656469,0.5404685836,0.5311772316,0.5944690265,0.5594876248,0.5478242137,0.5355102041,0.574829932,0.6111908178,0.5879425837,0.5967829387,0.5483220246
RECLTD,0.5623287671,0.5923913043,0.6227217497,0.5588235294,0.4859086492,0.4675090253,0.4912359551,0.5234578627,0.4540389972,0.4779766979,0.4957983193,0.4895465653
RELIANCE,0.559615929,0.6114675583,0.7132088764,0.6858203225,0.6754480361,0.7472484277,0.6899504765,0.6675368819,0.683450525,0.685489853,0.7010062823,0.7319578039
SAIL,0.5430267062,0.552889096,0.5156020942,0.4947099599,0.5003932363,0.5073619632,0.5086098278,0.5114487481,0.5300652016,0.5489779666,0.4574184281,0.4112166606
SBILIFE,0.3854545455,0.3295036765,0.292641669,0.2700106724,0.2433610781,0.2547101449,0.2606845513,0.2667928098,0.2696808511,0.2615012107,0.2595614482,0.249119098
SBIN,0.5325958266,0.6247554171,0.6201710106,0.5563741651,0.5379702109,0.54796064,0.6059146326,0.6700888306,0.6961641207,0.7037927642,0.7150839581,0.6715396055
SHREECEM,0.3754152824,0.32,0.3436293436,0.3873015873,0.3841059603,0.3665919283,0.3514644351,0.3469184891,0.3458029197,0.3299531981,0.3273809524,0.3199137311
SIEMENS,0.3801498127,0.4024577573,0.3789893617,0.4052369077,0.421192053,0.3294746215,0.3505253104,0.2885220126,0.3280839895,0.3105726872,0.3168539326,0.2747205503
SRF,0.46,0.4361671049,0.4138655462,0.4123962909,0.427672956,0.5401737242,0.5291120815,0.608726924,0.534699273,0.5009988901,0.4924634421,0.4854368932
SRTRANSFIN,0.4722107863,0.4617927994,0.4522115682,0.3908125577,0.3690712552,0.3722163309,0.3660455487,0.3711649861,0.3051760631,0.3298440504,0.3301824577,0.3461538462
STAR,0.4653198653,0.4588452088,0.4556592765,0.4786756453,0.5113365155,0.4909620991,0.4742145821,0.4484536082,0.4672268908,0.4647887324,0.4685684099,0.500827358
SUNPHARMA,0.58349778,0.587890625,0.6095936043,0.5505595722,0.5181631893,0.4421249151,0.4457019671,0.4335476025,0.3641304348,0.3553576062,0.3504295756,0.3395013465
SUNTV,0.2729748128,0.3112582781,0.3162393162,0.3130240358,0.3029023747,0.279648049,0.2938038572,0.3028446389,0.3169114164,0.3178217822,0.3217922607,0.3192060086
SYNGENE,0.3686354379,0.3583180987,0.3553398058,0.3532818533,0.3590733591,0.3499043977,0.335154827,0.3571428571,0.354679803,0.3391167192,0.3123209169,0.3240223464
TATACHEM,0.5103527607,0.4994388328,0.4915079013,0.5633261605,0.5031218781,0.4955445545,0.4865129966,0.505510476,0.6318013059,0.5977977741,0.5493207941,0.535387267
TATACONSUM,0.4889273356,0.4640598045,0.4396495071,0.4268499661,0.4308246185,0.4312164734,0.4352205627,0.4441335898,0.4888492417,0.5216960571,0.498684705,0.4992091736
TATAMOTORS,0.4472230592,0.4949693128,0.5217347956,0.4874201189,0.7700381207,0.6972169487,0.9749724467,0.8096495256,1.228524032,1.006746032,0.9866733539,0.9032314289
TATAPOWER,0.8193397919,0.8028510767,0.9516550523,0.8049704142,0.7992250793,0.7494158229,0.8607563236,0.8388362965,1.082315522,0.9229563036,1.010035479,0.8365582192
TATASTEEL,0.6839042134,0.6867565845,0.6567946006,0.6401537963,0.6074201119,0.5978358514,0.6033078773,0.5969676204,0.670555234,0.6806126261,0.6878130217,0.6331589613
TCS,0.5365505199,0.5535974467,0.5960011761,0.5418495757,0.5323800778,0.5032364364,0.3516404417,0.3505162495,0.3752703362,0.3586674992,0.3692371871,0.3726827821
TECHM,0.4777721647,0.4474144975,0.4588221762,0.4600109709,0.4815936062,0.5167721945,0.4717722725,0.4731111111,0.4924233525,0.517002267,0.5668145273,0.7305441779
TITAN,0.3962379881,0.4350127784,0.4219465367,0.4038832455,0.9843667476,0.942939942,0.9657990966,1.094246217,1.104571071,1.121884912,0.97018684,0.7456601789
TORNTPHARM,0.3053221289,0.3087818697,0.3210227273,0.3699059561,0.3715170279,0.3667711599,0.3333333333,0.3373493976,0.3366093366,0.3260340633,0.2980561555,0.287755102
TORNTPOWER,0.3488372093,0.3801756587,0.3181818182,0.3168831169,0.3092105263,0.3243712056,0.2410231185,0.2553099263,0.2785745328,0.2879746835,0.2952508961,0.3323782235
TRENT,0.236453202,0.3774787535,0.4043679682,0.3504842615,0.4022801303,0.398034398,0.2823667252,0.3026891807,0.2963827305,0.271975181,0.2660049628,0.2724565757
TVSMOTOR,0.4046678636,0.5201072386,0.5197186637,0.5154215216,0.5481063279,0.5461866414,0.5444711538,0.5142561983,0.584900928,0.5472623263,0.5276090558,0.5186535764
UBL,0.4065743945,0.419858156,0.4109947644,0.4213075061,0.4117647059,0.4279705573,0.4547263682,0.3877851361,0.4085778781,0.4022556391,0.4080338266,0.3984593838
ULTRACEMCO,0.4752358491,0.5120975805,0.5313370474,0.5542949757,0.4947045708,0.4945714651,0.4734126094,0.4715396579,0.4587118918,0.4836645013,0.4052434457,0.3957142857
UPL,0.6496,0.6602824217,0.6680405834,0.6042654028,0.5957078113,0.6208333333,0.6296296296,0.6394289599,0.5908922163,0.5884325231,0.5851252214,0.5834645669
VEDL,0.6622712594,0.5817319691,0.5624742268,0.5312661499,0.5275603131,0.5009697151,0.5307531717,0.5576835385,0.5907863145,0.6294820717,0.7095025894,0.7638513948
VOLTAS,0.4473835538,0.3989488772,0.4323071831,0.4756025867,0.550982962,0.5256830601,0.579800222,0.5689244752,0.5710694698,0.5997533909,0.6323451562,0.6171063149
WIPRO,0.5592557478,0.5527037403,0.5482157177,0.5654418198,0.5491041244,0.5459006684,0.5295778948,0.5314341114,0.5273943957,0.5726616447,0.5568116994,0.5653047555
ZEEL,0.8536399634,0.8397178813,0.8887971374,0.8618403951,0.8759749393,0.864195964,0.7999772572,0.7394772751,0.734704586,0.7309102016,0.7261496938,0.7205898066